"","CONGDIST","predictedvote18"
"1",1,242781.68667442
"2",2,258452.982645202
"3",3,361741.01869872
"4",4,245847.028612988
"5",5,243931.500525072
"6",6,160511.722517626
"7",7,256105.826168177
"8",8,278640.734129154
